id,age,studytime,failures,absences,G1,G2,predicted_G3
1,18,2,0,4,15,14,15.8
2,16,2,2,4,3,4,5.38
3,19,4,1,4,5,7,7.69
4,18,4,2,6,8,7,8.13
5,19,2,2,6,8,9,8.79
6,17,4,2,4,14,16,16.30666666666667
7,16,2,2,8,10,8,9.29
8,18,1,3,1,10,18,18.200499999999998
9,19,2,0,1,15,19,18.4645
10,16,4,2,1,15,19,18.585
11,18,2,2,7,13,12,12.16
12,21,1,1,9,12,16,15.295
13,18,2,2,8,12,16,15.495
